{
    "\n": [
        0.0,
        0.024390243902439025
    ],
    " ": [
        0.024390243902439025,
        0.21951219512195122
    ],
    ".": [
        0.21951219512195122,
        0.2682926829268293
    ],
    "T": [
        0.2682926829268293,
        0.3170731707317073
    ],
    "a": [
        0.3170731707317073,
        0.34146341463414637
    ],
    "b": [
        0.34146341463414637,
        0.3902439024390244
    ],
    "e": [
        0.3902439024390244,
        0.4878048780487805
    ],
    "h": [
        0.4878048780487805,
        0.5365853658536586
    ],
    "i": [
        0.5365853658536586,
        0.5853658536585367
    ],
    "n": [
        0.5853658536585367,
        0.6341463414634148
    ],
    "o": [
        0.6341463414634148,
        0.7560975609756099
    ],
    "q": [
        0.7560975609756099,
        0.7804878048780489
    ],
    "r": [
        0.7804878048780489,
        0.804878048780488
    ],
    "s": [
        0.804878048780488,
        0.8536585365853661
    ],
    "t": [
        0.8536585365853661,
        0.9756097560975612
    ],
    "u": [
        0.9756097560975612,
        1.0000000000000002
    ]
}