{
    "\n": [
        0.0,
        0.002207505518763797
    ],
    " ": [
        0.002207505518763797,
        0.16997792494481237
    ],
    ",": [
        0.16997792494481237,
        0.18322295805739516
    ],
    "-": [
        0.18322295805739516,
        0.18366445916114793
    ],
    ".": [
        0.18366445916114793,
        0.19116997792494483
    ],
    ":": [
        0.19116997792494483,
        0.1916114790286976
    ],
    "A": [
        0.1916114790286976,
        0.19293598233995587
    ],
    "B": [
        0.19293598233995587,
        0.19337748344370864
    ],
    "E": [
        0.19337748344370864,
        0.1938189845474614
    ],
    "F": [
        0.1938189845474614,
        0.19426048565121418
    ],
    "I": [
        0.19426048565121418,
        0.19602649006622522
    ],
    "S": [
        0.19602649006622522,
        0.19646799116997798
    ],
    "T": [
        0.19646799116997798,
        0.1986754966887418
    ],
    "Y": [
        0.1986754966887418,
        0.19911699779249456
    ],
    "a": [
        0.19911699779249456,
        0.2516556291390729
    ],
    "b": [
        0.2516556291390729,
        0.26313465783664464
    ],
    "c": [
        0.26313465783664464,
        0.28211920529801326
    ],
    "d": [
        0.28211920529801326,
        0.31699779249448123
    ],
    "e": [
        0.31699779249448123,
        0.42693156732891835
    ],
    "f": [
        0.42693156732891835,
        0.45121412803532013
    ],
    "g": [
        0.45121412803532013,
        0.46843267108167774
    ],
    "h": [
        0.46843267108167774,
        0.5222958057395144
    ],
    "i": [
        0.5222958057395144,
        0.5690949227373069
    ],
    "j": [
        0.5690949227373069,
        0.5699779249448124
    ],
    "k": [
        0.5699779249448124,
        0.5730684326710817
    ],
    "l": [
        0.5730684326710817,
        0.6083885209713024
    ],
    "m": [
        0.6083885209713024,
        0.6211920529801324
    ],
    "n": [
        0.6211920529801324,
        0.6825607064017659
    ],
    "o": [
        0.6825607064017659,
        0.7421633554083884
    ],
    "p": [
        0.7421633554083884,
        0.7549668874172184
    ],
    "q": [
        0.7549668874172184,
        0.7554083885209711
    ],
    "r": [
        0.7554083885209711,
        0.8075055187637967
    ],
    "s": [
        0.8075055187637967,
        0.8596026490066223
    ],
    "t": [
        0.8596026490066223,
        0.937306843267108
    ],
    "u": [
        0.937306843267108,
        0.9562913907284767
    ],
    "v": [
        0.9562913907284767,
        0.9655629139072847
    ],
    "w": [
        0.9655629139072847,
        0.9849889624724061
    ],
    "x": [
        0.9849889624724061,
        0.9854304635761588
    ],
    "y": [
        0.9854304635761588,
        0.9991169977924944
    ],
    "z": [
        0.9991169977924944,
        0.9995584988962471
    ],
    "\u2014": [
        0.9995584988962471,
        0.9999999999999999
    ]
}