{
    "\n": [
        0.0,
        0.01052
    ],
    " ": [
        0.01052,
        0.020939
    ],
    "!": [
        0.020939,
        0.031292
    ],
    "\"": [
        0.031292,
        0.041651
    ],
    "#": [
        0.041651,
        0.052055000000000004
    ],
    "$": [
        0.052055000000000004,
        0.062471000000000006
    ],
    "%": [
        0.062471000000000006,
        0.072884
    ],
    "&": [
        0.072884,
        0.083178
    ],
    "'": [
        0.083178,
        0.093575
    ],
    "(": [
        0.093575,
        0.104108
    ],
    ")": [
        0.104108,
        0.11443800000000001
    ],
    "*": [
        0.11443800000000001,
        0.12484500000000001
    ],
    "+": [
        0.12484500000000001,
        0.135387
    ],
    ",": [
        0.135387,
        0.14589200000000002
    ],
    "-": [
        0.14589200000000002,
        0.15618300000000002
    ],
    ".": [
        0.15618300000000002,
        0.166696
    ],
    "/": [
        0.166696,
        0.177184
    ],
    "0": [
        0.177184,
        0.187451
    ],
    "1": [
        0.187451,
        0.19795100000000002
    ],
    "2": [
        0.19795100000000002,
        0.20850400000000002
    ],
    "3": [
        0.20850400000000002,
        0.21902200000000002
    ],
    "4": [
        0.21902200000000002,
        0.22952300000000003
    ],
    "5": [
        0.22952300000000003,
        0.23993200000000003
    ],
    "6": [
        0.23993200000000003,
        0.25032600000000005
    ],
    "7": [
        0.25032600000000005,
        0.26063000000000003
    ],
    "8": [
        0.26063000000000003,
        0.27109500000000003
    ],
    "9": [
        0.27109500000000003,
        0.281467
    ],
    ":": [
        0.281467,
        0.291783
    ],
    ";": [
        0.291783,
        0.302285
    ],
    "<": [
        0.302285,
        0.31265400000000004
    ],
    "=": [
        0.31265400000000004,
        0.32308500000000007
    ],
    ">": [
        0.32308500000000007,
        0.33345900000000006
    ],
    "?": [
        0.33345900000000006,
        0.34394100000000005
    ],
    "@": [
        0.34394100000000005,
        0.3543970000000001
    ],
    "A": [
        0.3543970000000001,
        0.3650690000000001
    ],
    "B": [
        0.3650690000000001,
        0.3754720000000001
    ],
    "C": [
        0.3754720000000001,
        0.3860390000000001
    ],
    "D": [
        0.3860390000000001,
        0.39639500000000005
    ],
    "E": [
        0.39639500000000005,
        0.40688300000000005
    ],
    "F": [
        0.40688300000000005,
        0.41728300000000007
    ],
    "G": [
        0.41728300000000007,
        0.42759500000000006
    ],
    "H": [
        0.42759500000000006,
        0.43801200000000007
    ],
    "I": [
        0.43801200000000007,
        0.44832600000000006
    ],
    "J": [
        0.44832600000000006,
        0.45867800000000003
    ],
    "K": [
        0.45867800000000003,
        0.469351
    ],
    "L": [
        0.469351,
        0.479678
    ],
    "M": [
        0.479678,
        0.490027
    ],
    "N": [
        0.490027,
        0.500452
    ],
    "O": [
        0.500452,
        0.5109710000000001
    ],
    "P": [
        0.5109710000000001,
        0.5213270000000001
    ],
    "Q": [
        0.5213270000000001,
        0.5317090000000001
    ],
    "R": [
        0.5317090000000001,
        0.5420880000000001
    ],
    "S": [
        0.5420880000000001,
        0.5524200000000001
    ],
    "T": [
        0.5524200000000001,
        0.5628280000000001
    ],
    "U": [
        0.5628280000000001,
        0.5733360000000001
    ],
    "V": [
        0.5733360000000001,
        0.5837310000000001
    ],
    "W": [
        0.5837310000000001,
        0.5940040000000001
    ],
    "X": [
        0.5940040000000001,
        0.6044060000000001
    ],
    "Y": [
        0.6044060000000001,
        0.6149620000000001
    ],
    "Z": [
        0.6149620000000001,
        0.6253660000000001
    ],
    "[": [
        0.6253660000000001,
        0.6356620000000001
    ],
    "\\": [
        0.6356620000000001,
        0.645978
    ],
    "]": [
        0.645978,
        0.6563640000000001
    ],
    "^": [
        0.6563640000000001,
        0.666841
    ],
    "_": [
        0.666841,
        0.677235
    ],
    "`": [
        0.677235,
        0.6877150000000001
    ],
    "a": [
        0.6877150000000001,
        0.698212
    ],
    "b": [
        0.698212,
        0.7087140000000001
    ],
    "c": [
        0.7087140000000001,
        0.7190860000000001
    ],
    "d": [
        0.7190860000000001,
        0.7294770000000002
    ],
    "e": [
        0.7294770000000002,
        0.7399610000000002
    ],
    "f": [
        0.7399610000000002,
        0.7504170000000002
    ],
    "g": [
        0.7504170000000002,
        0.7609000000000002
    ],
    "h": [
        0.7609000000000002,
        0.7712950000000003
    ],
    "i": [
        0.7712950000000003,
        0.7817290000000003
    ],
    "j": [
        0.7817290000000003,
        0.7922860000000004
    ],
    "k": [
        0.7922860000000004,
        0.8028110000000004
    ],
    "l": [
        0.8028110000000004,
        0.8132010000000004
    ],
    "m": [
        0.8132010000000004,
        0.8234720000000004
    ],
    "n": [
        0.8234720000000004,
        0.8337910000000004
    ],
    "o": [
        0.8337910000000004,
        0.8440520000000004
    ],
    "p": [
        0.8440520000000004,
        0.8545890000000004
    ],
    "q": [
        0.8545890000000004,
        0.8650080000000003
    ],
    "r": [
        0.8650080000000003,
        0.8754280000000003
    ],
    "s": [
        0.8754280000000003,
        0.8857280000000003
    ],
    "t": [
        0.8857280000000003,
        0.8960270000000002
    ],
    "u": [
        0.8960270000000002,
        0.9065700000000002
    ],
    "v": [
        0.9065700000000002,
        0.9170980000000002
    ],
    "w": [
        0.9170980000000002,
        0.9274950000000002
    ],
    "x": [
        0.9274950000000002,
        0.9377550000000002
    ],
    "y": [
        0.9377550000000002,
        0.9480690000000003
    ],
    "z": [
        0.9480690000000003,
        0.9585160000000003
    ],
    "{": [
        0.9585160000000003,
        0.9688210000000003
    ],
    "|": [
        0.9688210000000003,
        0.9791970000000003
    ],
    "}": [
        0.9791970000000003,
        0.9895540000000003
    ],
    "~": [
        0.9895540000000003,
        1.0000000000000002
    ]
}